[
  {
    "id": 1,
    "name": "Roadster 200",
    "brand": "SpeedX",
    "price": "85000",
    "description": "Lightweight road bike for city riding.",
    "image_url": "https://images.unsplash.com/photo-1518655048521-f130df041f66?w=1200&q=80"
  },
  {
    "id": 2,
    "name": "Mountain Pro",
    "brand": "TrailBlazer",
    "price": "125000",
    "description": "Durable mountain bike with front suspension.",
    "image_url": "https://images.unsplash.com/photo-1504215680853-026ed2a45def?w=1200&q=80"
  }
]